,name,Name_Matched
0,James Hendler,Q6135847
2,Michele Missikoff,Q112380449
3,Dieter Fensel,Q92918
4,Katia Sycara,Q51781
5,John Mylopoulos,Q18156660
6,Asunción Gómez Pérez,Q29562949
7,Sheila McIlraith,Q64819738
9,Christoph Bussler,Q102758641
13,Jeff Bradshaw,Q100758276
14,Ying Ding,Q93033371
16,Jeff Heflin,Q115673455
17,Atanas Kiryakov,Q104437913
18,Frank van Harmelen,Q5490605
19,Sheila McIlraith,Q64819738
21,Riichiro Mizoguchi,Q112433082
22,Dean Allemang,Q5245975
24,Jeremy J. Carroll,Q111986732
25,Stefan Decker,Q54303353
26,Michel Klein,Q57193459
27,Ubbo Visser,Q41811093
28,Vipul Y. Kashyap,Q102249197
29,Takahira Yamaguchi,Q11467542
34,Akira Maeda,Q88320044
36,York Sure-Vetter,Q51283173
37,Daniel Schwabe,Q57226844
38,Isabel F. Cruz,Q90664690
39,Stefan Decker,Q54303353
40,Dean Allemang,Q5245975
41,Chris Preist,Q59770955
43,Vipul Y. Kashyap,Q102249197
44,Eric L. Miller,Q51903830
45,Amit Sheth,Q4746879
48,Jennifer A. Golbeck,Q15429153
49,Lora Aroyo,Q30102184
52,m.c. schraefel,Q86329067
54,Peter Mika,Q44098890
55,Mike Uschold,Q87581390
57,Riichiro Mizoguchi,Q112433082
58,Guus Schreiber,Q51683872
59,Sung Han-kuk,Q1656902
60,Karl Aberer,Q96619668
61,Key-Sun Choi,Q51687803
64,Geert-Jan Houben,Q30101316
65,John Domingue,Q93046
67,Dean Allemang,Q5245975
68,Kyung-Il Lee,Q102409099
70,Jennifer A. Golbeck,Q15429153
71,Peter Mika,Q44098890
74,Diana Maynard,Q30095223
75,Young-Sik Jeong,Q53259139
76,York Sure-Vetter,Q51283173
81,Tom Heath,Q17744272
83,Tim Finin,Q7803487
84,Amit Sheth,Q4746879
88,James Hendler,Q6135847
89,Peter Mika,Q44098890
90,Diana Maynard,Q30095223
92,Rudi Studer,Q92692
94,Holger Lewen,Q65013180
95,York Sure-Vetter,Q51283173
101,Anupam Joshi,Q29253659
102,John Domingue,Q93046
103,Benjamin Nathan Grosof,Q102313048
104,Richard Cyganiak,Q41558982
107,M. Joel Sachs,Q102406189
109,Abraham Bernstein,Q26001299
110,David Karger,Q5235856
111,Tom Heath,Q17744272
113,Peter Mika,Q44098890
115,Diana Maynard,Q30095223
119,Jeff Heflin,Q115673455
122,Jennifer A. Golbeck,Q15429153
126,Tania Tudorache,Q29053249
129,Fabio Ciravegna,Q30339109
131,Richard Cyganiak,Q41558982
132,Todd Schneider,Q66018889
133,M. Joel Sachs,Q102406189
137,Pascal Hitzler,Q30103406
138,Peter Mika,Q44098890
144,Bijan Parsia,Q30234563
146,Diana Maynard,Q30095223
156,Birte Glimm,Q81295922
157,Anand Ranganathan,Q102307309
159,Jeff Heflin,Q115673455
161,Lora Aroyo,Q30102184
162,Chris Welty,Q5108445
165,Abraham Bernstein,Q26001299
167,Marco Neumann,Q64520752
170,Heiner Stuckenschmidt,Q38721681
171,Tania Tudorache,Q29053249
173,Diana Maynard,Q30095223
176,York Sure-Vetter,Q51283173
178,Mark Greaves,Q102339013
181,Jennifer A. Golbeck,Q15429153
184,Abraham Bernstein,Q26001299
187,Jeff Heflin,Q115673455
188,Tania Tudorache,Q29053249
191,Manfred Hauswirth,Q89108293
193,Tim Berners-Lee,Q80
194,Tom Heath,Q17744272
195,Ivan Herman,Q44836217
196,Guus Schreiber,Q51683872
197,James Hendler,Q6135847
198,Jennifer A. Golbeck,Q15429153
200,Birte Glimm,Q81295922
201,Claudia d'Amato,Q57418697
203,Diana Maynard,Q30095223
205,Peter Mika,Q44098890
211,Chris Welty,Q5108445
214,Armin Haller,Q58043963
218,Achille Fokoue,Q108345903
222,Lora Aroyo,Q30102184
231,Sean Bechhofer,Q56513265
233,Pascal Hitzler,Q30103406
235,Armin Haller,Q58043963
237,Kingsley Uyi Idehen,Q6413347
238,Krzysztof Janowicz,Q59543045
244,Carole Goble,Q11604
246,Luciano Serafini,Q57302396
247,Peter Mika,Q44098890
248,Tania Tudorache,Q29053249
249,Abraham Bernstein,Q26001299
250,Chris Welty,Q5108445
252,Denny Vrandečić,Q18618629
253,Peter Mika,Q44098890
254,Tania Tudorache,Q29053249
256,Denny Vrandečić,Q18618629
257,Richard V. Benjamins,Q102359167
260,Abraham Bernstein,Q26001299
261,Chris Welty,Q5108445
262,Lora Aroyo,Q30102184
263,Johanna Völker,Q64728333
264,Matthew Horridge,Q103042912
269,Krzysztof Janowicz,Q59543045
270,Sean Bechhofer,Q56513265
272,Roberta Cuel,Q59491539
274,Vincenzo Maltese,Q110611702
281,Jeff Heflin,Q115673455
282,Marcelo Arenas,Q102278559
285,Markus Strohmaier,Q48612584
286,Mathieu d'Aquin,Q57303215
288,Michel Dumontier,Q28194921
293,Krzysztof Janowicz,Q59543045
296,Fabio Ciravegna,Q30339109
299,Sean Bechhofer,Q56513265
300,Kostis Kyzirakos,Q114456433
301,Michelle Cheatham,Q99295526
306,Matthew Horridge,Q103042912
307,Nadeschda Nikitina,Q65176276
308,Yolanda Gil,Q52353442
312,Alasdair J. G. Gray,Q27968000
315,Freddy Lecue,Q54805203
317,Heiner Stuckenschmidt,Q38721681
320,Abraham Bernstein,Q26001299
321,Pascal Hitzler,Q30103406
322,Guus Schreiber,Q51683872
324,Riichiro Mizoguchi,Q112433082
329,Silvio Peroni,Q30536251
330,Christoph Lange,Q30276490
332,Abraham Bernstein,Q26001299
333,Daniel Garijo,Q57061585
334,Matthew Horridge,Q103042912
335,Jeff Heflin,Q115673455
341,Freddy Lecue,Q54805203
345,Valentina Presutti,Q56459943
346,Nadeschda Nikitina,Q65176276
348,Abraham Bernstein,Q26001299
349,Pascal Hitzler,Q30103406
351,Achille Fokoue,Q108345903
353,Lora Aroyo,Q30102184
358,Christoph Lange,Q30276490
360,Davide Taibi,Q58365144
361,Michel Dumontier,Q28194921
365,Gianluca Demartini,Q102430988
366,Anna Lisa Gentile,Q54832532
374,Denny Vrandečić,Q18618629
375,Kalina Bontcheva,Q50281620
377,Valentina Presutti,Q56459943
380,Amrapali Zaveri,Q34315853
382,Medha Atre,Q103363622
383,Marieke van Erp,Q63973563
384,Abraham Bernstein,Q26001299
385,Pascal Hitzler,Q30103406
401,Maribel Acosta,Q63865447
404,Gillian Dobbie,Q35497758
409,Isabel F. Cruz,Q90664690
411,Alejandra González-Beltrán,Q27824575
413,Anna Lisa Gentile,Q54832532
415,Claudia d'Amato,Q57418697
419,Gianluca Demartini,Q102430988
420,Valentina Presutti,Q56459943
429,Armin Haller,Q58043963
431,Abraham Bernstein,Q26001299
434,Maribel Acosta,Q63865447
449,Krzysztof Janowicz,Q59543045
453,Pasquale Minervini,Q97097768
454,Freddy Lecue,Q54805203
457,Juanzi Li,Q125445288
460,Anna Lisa Gentile,Q54832532
466,Maribel Acosta,Q63865447
467,Hemant J Purohit,Q90041787
471,Gianluca Demartini,Q102430988
475,Ioannis Chrysakis,Q124629113
478,Carole Goble,Q11604
486,Ying Ding,Q93033371
489,Lorena Etcheverry,Q90750787
491,Achille Fokoue,Q108345903
492,Catia Pesquita,Q41049152
496,María Poveda-Villalón,Q58990389
497,Laura Hollink,Q102359488
502,Armin Haller,Q58043963
505,Chen Yanyan,Q16948404
506,Despoina Magka,Q60668160
0,Riccardo Rosati,Q61248440
1,Craig Knoblock,Q60404516
2,Lalana Kagal,Q51508959
3,Wolfgang Nejdl,Q44592959
4,Sören Auer,Q27453085
5,Anisa Rula,Q54851884
6,Ruben Verborgh,Q30085536
9,Giuseppe Loseto,Q98904413
10,Jouni Tuominen,Q96468196
11,Ernesto Jimenez-Ruiz,Q56614973
12,Gianluca Cima,Q113528942
13,Jay Pujara,Q102770389
14,Harald Sack,Q30078997
15,Nandana Mihindukulasooriya,Q53103589
16,Achim Rettinger,Q54811296
17,Christian Bizer,Q17744291
20,Elena Simperl,Q37113655
21,Steffen Staab,Q1764755
22,Heiko Paulheim,Q23709849
23,Jens Lehmann,Q27910398
24,Matteo Palmonari,Q54806715
25,Natalya Noy,Q52174287
26,Pedro Szekely,Q100104271
27,Ralf Lämmel,Q28009024
31,Axel-Cyrille Ngonga Ngomo,Q54828893
32,Domenico Fabio Savo,Q62058414
34,Guangyuan Piao,Q54803609
35,Dennis Diefenbach,Q47515110
36,Domenico Lembo,Q60656018
37,Elena Demidova,Q58311753
38,Esko Ikkala,Q58233386
41,Floriano Scioscia,Q55834004
42,William Van Woensel,Q90832300
45,Mikhail Galkin,Q96631986
46,Max Berrendorf,Q96631515
49,Oscar Corcho,Q54303138
50,Emanuele Della Valle,Q57552900
51,Christophe Guéret,Q57235694
52,Martin Giese,Q59857632
53,Martin Doerr,Q120834803
54,Veronika Thost,Q57193629
55,David Chaves-Fraga,Q111448985
56,Nicolas Tempelmeier,Q102391299
57,Jan Portisch,Q92929240
58,Marcel Hildebrandt,Q106507817
59,Evren Sirin,Q111620956
60,Ivo Velitchkov,Q110818830
67,Stephan Günnemann,Q102402947
70,Konstantin Todorov,Q93028196
71,Pieter Colpaert,Q66736299
79,Alfio M. Gliozzo,Q54832771
83,Oshani Seneviratne,Q109638511
87,Petri Leskinen,Q16984129
95,Evgeny Kharlamov,Q101086361
102,Kholoud Alghamdi,Q114838705
103,Miaojing Shi,Q107273767
105,Tarfah Alrashed,Q111195570
106,Dimitris Paparas,Q102597846
108,Vincenzo Cutrona,Q54806658
110,Julián Arenas-Guerrero,Q118867918
115,Max De Wilde,Q77083794
117,Genet Asefa Gesese,Q106591789
118,Mehwish Alam,Q57965544
121,Trần Trung Kiên,Q121547778
126,Manolis Koubarakis,Q102300805
127,Christos Nikas,Q121059790
132,Dylan Van Assche,Q115156000
133,Philipp Seifert,Q90351061
142,Roberto Avogadro,Q116017515
150,Manos Paterakis,Q111291707
151,Dimitris G Angelakis,Q83117105
160,Toby Burrows,Q30131576
161,Lynn Ransom,Q109288801
162,Hanno Wijsman,Q63922639
164,Eleni Ilkou,Q100695303
166,Rajat Koner,Q106576417
168,Deepan Das,Q96067037
171,Lavdim Halilaj,Q118817093
175,Pavan Kapanipathi,Q102756520
179,Vũ Bình,Q63958959
184,Huang Jingyue,Q45390845
0,Irene Celino,Q57302902
2,Michael Cochez,Q49146387
5,Mauro Dragoni,Q57302225
6,Jérôme Euzenat,Q67651343
7,Aldo Gangemi,Q30103138
8,Chiara Ghidini,Q57301840
10,Olaf Hartig,Q30103409
14,Sabrina Kirrane,Q30103188
15,Markus Luczak-Roesch,Q42406562
17,Gabriela Montoya,Q54856764
18,Boris Motik,Q64851991
19,Maria Magdalena Ortiz,Q98613866
20,Francesco Osborne,Q61665725
22,Marta Sabou,Q57063455
24,Hala Skaf-Molli,Q95981554
27,Serena Villata,Q58309362
28,Domagoj Vrgoc,Q102426954
29,Kewen Wang,Q62048928
30,Zhao Yizheng,Q65862223
31,Shqiponja Ahmetaj,Q103376976
33,Harith Alani,Q48564469
36,João Paulo Almeida,Q102409172
38,Hiba Arnaout,Q106864266
39,Luigi Asprino,Q97066487
40,Amr Azzam,Q120967019
43,Payam Barnaghi,Q57054169
44,Pierpaolo Basile,Q59150854
45,Russa Biswas,Q54805661
47,Eva Blomqvist,Q27942628
48,Carlos Bobed,Q59926080
49,Alexander Tiberiu Borgida,Q102112733
50,Paolo Bouquet,Q57302372
52,Janez Brank,Q114323211
54,Davide Buscaldi,Q61990484
55,Jean-Paul Calbimonte,Q57199764
57,Antonella Carbonaro,Q101471751
58,Valentina Anita Carriero,Q95114811
60,Victor Charpenay,Q61093889
61,Vinay K Chaudhri,Q103368523
64,Cheng Sijin,Q45601974
65,Philipp Cimiano,Q59403940
66,Andrei Ciortea,Q109608042
69,Victor de Boer,Q103357901
70,Daniele Dell'Aglio,Q57225906
71,Danilo Dessì,Q61136578
72,Stefan Dietze,Q106591781
74,Shusaku Egami,Q91149952
75,Fajar J. Ekaputra,Q57303205
76,Paola Espinoza-Arias,Q60627064
77,David Eyers,Q115736166
79,Michael Färber,Q57231890
80,Daniel Faria,Q55143368
82,Catherine Faron-Zucker,Q64418456
83,Javier D. Fernández,Q58049501
86,Valeria Fionda,Q101230668
92,Fabien Gandon,Q23014205
95,Pouya Ghiasnezhad Omran,Q114044348
98,Rafael S Gonçalves,Q88654416
99,Jorge Gracia del Río,Q61663682
100,Dagmar Gromann,Q54805107
101,Paul Groth,Q21678689
103,Kalpa Gunaratna,Q103336071
104,Claudio Gutiérrez,Q58049573
106,Tom Hanika,Q103341896
107,Andreas Harth,Q51283156
109,Oktie Hassanzadeh,Q56447859
111,Rinke Hoekstra,Q30103399
112,Andreas Hotho,Q64728358
115,François Houang,Q3084865
117,Ryutaro Ichise,Q120485952
119,Valentina Ivanova,Q82835618
120,Prateek Jain,Q102552067
121,Mustafa Jarrar,Q59564385
122,Tobias Käfer,Q113636042
123,Lucie-Aimée Kaffee,Q37860261
125,Maulik R. Kamdar,Q59748965
126,Takahiro Kawamura,Q91149950
127,C. Maria Keet,Q108817971
129,Ilkcan Keles,Q63973229
133,Elmar Kiesling,Q61040898
135,Haridemos Kondylakis,Q56567493
137,Roman Kontchakov,Q60666572
139,Adila Alfa Krisnadhi,Q63346808
140,Markus Krötzsch,Q18618630
141,Benno Kruit,Q108171035
142,José Emilio Labra Gayo,Q51602692
143,Andre Lamurias,Q47098084
145,Danh Le Phuoc,Q57054162
147,Huanyu Li,Q59704914
150,Carsten Lutz,Q57517628
154,Pierre Monnin,Q93183876
155,Deshendran Moodley,Q57658335
156,Varish Mulwad,Q102429134
158,Raghava Mutharaju,Q102552081
160,Shinichi Nagano,Q21700982
165,Werner Nutt,Q51903108
166,Andrea Giovanni Nuzzolese,Q56459533
167,Julian A Padget,Q58621441
168,Ankur Sukhalal Padia,Q103285816
169,Peter F. Patel-Schneider,Q37680335
170,Evan Patton,Q102464282
174,Alina Petrova,Q30092789
175,Francesco Piccialli,Q57420823
176,H.Sofia Pinto,Q57414365
177,Giuseppe Pirrò,Q57062249
178,Alessandro Piscopo,Q37798781
179,Dimitris Plexousakis,Q102143436
180,Axel Polleres,Q54860587
182,Yuzhong Qu,Q96026690
183,Alexandre Rademaker,Q57305632
186,Martín Rezk,Q102932978
188,Giuseppe Rizzo,Q54805337
190,Dumitru Roman,Q113381916
191,Oscar Romero,Q64361071
194,Marco Rospocher,Q102485088
199,Tomer Sagi,Q110699727
200,Satya S. Sahoo,Q64822040
201,Angelo Salatino,Q58225772
202,Muhammad Saleem,Q113451134
204,François Scharffe,Q79033237
206,Ralf Schenkel,Q57962437
207,Juan Sequeda,Q57225833
209,Kuldeep Singh,Q105084889
210,Nadine Steinmetz,Q102426572
211,Armando Stellato,Q59505759
212,Gerd Stumme,Q60176247
213,Mari Carmen Suárez Figueroa,Q79088776
218,Kerry Taylor,Q108730193
219,Andreas Thalhammer,Q51283137
220,Krishnaprasad Thirunarayan,Q60321811
221,Steffen Thoma,Q51283127
222,Ilaria Tiddi,Q111254401
223,David Toman,Q102249828
224,Riccardo Tommasini,Q92962079
225,Raphaël Troncy,Q50290708
227,Guillermo Vega-Gorgojo,Q58861499
238,Xander Wilcke,Q57560230
239,Honghan Wu,Q57142628
241,Ikuya Yamada,Q108673552
243,Fouad Zablith,Q56460322
248,Antoine Isaac,Q61093891
251,María-Esther Vidal,Q25612477
256,Oleksandra Bruns,Q113291449
263,Elvira Amador-Domínguez,Q90240489
264,Pablo Fillottrani,Q62583540
266,Tudor Groza,Q44818847
270,Clement Jonquet,Q46457352
274,Tomáš Kliegr,Q109321460
275,Jakub Klímek,Q57585169
278,Allyson L Lister,Q41050709
279,Zola Mahlaza,Q122235221
284,Lionel Médini,Q124730660
287,Alessandro Mosca,Q58315312
288,Ebrahim Norouzi,Q118232637
292,Catherine Roussey,Q57226355
295,Umutcan Serles,Q57762577
300,Walter Terkaj,Q59705062
301,Tabea Tietz,Q63973304
305,Wu Tianxing,Q45619440
308,Ningyu Zhang,Q55174590
311,Maria Bermudez-Edo,Q89696710
312,Stefan Bischof,Q58043789
316,Christophe Debruyne,Q58043647
317,Jose Manuel Gomez-Perez,Q54804927
318,Damien Graux,Q101130110
319,Daniel Gruhlke,Q102424089
321,Nicolas Heist,Q118868159
323,Tomi Kauppinen,Q59313781
328,Michael Luggen,Q100465120
330,Beatrice Markhoff,Q123496063
332,Declan O'Sullivan,Q97541358
334,Artem Revenko,Q102435584
336,Dezhao Song,Q56739323
339,Matthäus Zloch,Q113450269
1,Giorgia Lodi,Q97061893
2,Aliaksandr Birukou,Q55685947
3,HyeongSik Kim,Q108416433
5,Natanael Arndt,Q91224415
6,Ben De Meester,Q120485723
7,Beat Signer,Q56928983
10,Yannis Tzitzikas,Q57226485
11,Piero A. Bonatti,Q58049630
14,Aidan Hogan,Q51366847
16,Sebastian Hellmann,Q39429171
22,Ian R. Horrocks,Q5981834
39,Anastasia Dimou,Q57418715
41,Sebastian Rudolph,Q51283439
47,Mantas Šimkus,Q103376986
55,Hendrik Blockeel,Q57445841
56,Guotong Xie,Q97685921
57,Gabriel Amaral,Q114079327
61,Albert Meroño-Peñuela,Q57553187
69,Renzo Angles,Q57235655
73,Ahmed Mohamed Sherif,Q88928008
91,Wang Jiaan,Q45561378
93,Hannes Straß,Q102399046
104,Sola Shirai,Q115057797
106,Carlos Buil Aranda,Q29882153
116,Martin G. Skjæveland,Q117232536
117,Jixiong Liu,Q114775165
119,Yoan Chabot,Q120918268
139,Andon Tchechmedjiev,Q88916448
144,John C.K. Kiang,Q97064588
162,Mojtaba Nayyeri,Q57566173
166,David Abián,Q116626409
168,Odinaldo Rodrigues,Q102291497
179,Dimitris Bilidas,Q117232538
190,Li Yanzong,Q45424477
200,Fabio Lorenzi,Q95908633
203,Haoyu Ren,Q104273718
204,Darko Anicic,Q65013258
209,Sofia Kossida,Q104619922
215,Yanzeng Li,Q91919764
217,Daniel Vollmer,Q95799154
0,Aliaksandr Birukou,Q102501769
1,Sanju Tiwari,Q102389753
2,Pascal Molli,Q95981581
3,Ben De Meester,Q120485723
11,Enrico Motta,Q56460323
12,Diego Reforgiato Recupero,Q59918497
17,Anastasia Dimou,Q57418715
18,Mark A. Musen,Q50286281
19,Peter Haase,Q23831639
21,Dean Rehberger,Q114766488
22,Miguel Ceriani,Q58158567
25,Martin Nečaský,Q57073982
26,Albert Meroño-Peñuela,Q57553187
27,Jacopo de Berardinis,Q124382246
31,Ruben Taelman,Q95951667
34,Jeff Z. Pan,Q59845193
40,Herminio García González,Q124843525
41,Eleni Tsalapati,Q103045699
43,Michael G. Bryant,Q53784225
45,Rossana Damiano,Q103946290
67,Noël de Palma,Q110438006
75,Pierre Maret,Q47536210
90,Zhipeng Tang,Q114416541
92,Huang Ziqi,Q45724096
93,Irlán Grangel-González,Q119096144
95,Yipeng Zhu,Q90236599
96,Feiyue Wu,Q114681329
98,Shenqi Jing,Q96188624
110,David W Archer,Q61093695
112,Ana Iglesias Molina,Q124297035
123,Ilaria Rosati,Q117236874
142,Tong Ruan,Q92760479
1,Aliaksandr Birukou,Q55685947
7,Debayan Banerjee,Q101237046
9,Aidan Hogan,Q51366847
10,Sebastian Hellmann,Q39429171
13,Enrico Motta,Q56460323
15,Petar Ristoski,Q30277602
30,Sahar Vahdati,Q110529950
31,Tobias Kuhn,Q42027946
32,Mark A. Musen,Q50286281
36,Charles Tapley Hoyt,Q47475003
41,Mohammed J. Zaki,Q55458948
42,Ceriel Jacobs,Q4536730
43,Katarina Boland,Q53459970
44,Jamie McCusker,Q57025992
45,Ludovica Marinucci,Q61957653
47,Andreas Ekelhart,Q61040887
54,Xavier Giró-i-Nieto,Q60571594
59,Benjamin Zapilko,Q61095922
61,Kabul Kurniawan,Q106657765
63,Daniel P. Miranker,Q27963818
64,Jeff Z. Pan,Q59845193
66,David Carral,Q102676438
69,Pavlos Fafalios,Q54818689
77,Pasquale Lisena,Q118868261
84,Jacopo Urbani,Q66859471
88,Amarendra Das,Q59747993
90,Aljaž Košmerlj,Q114335396
94,Mohnish Dubey,Q109689375
96,Said Fathalla,Q101476683
98,Joan Espadaler,Q110261381
111,Enrico Daga,Q57303179
120,Maria Letizia Mancinelli,Q116193969
121,Chiara Veninata,Q104099217
132,Karl Hammar,Q72837366
134,Per Karlberg,Q121084502
142,Hugh Glaser,Q102342049
143,Nikolaos Karalis,Q64004103
158,Andon Tchechmedjiev,Q88916448
2,Gerhard Weikum,Q92988
4,Tommaso Soru,Q58335452
5,Tommaso Di Noia,Q54851241
6,Minming Li,Q60889096
7,Eugenio Di Sciascio,Q20007833
11,Ulrike Sattler,Q7879911
12,Ziqi Zhang,Q56447924
13,Cristina Sarasua,Q30092858
23,Arnaud Giacometti,Q103232230
37,Paolo Ciancarini,Q27942629
38,Fabian M. Suchanek,Q41777585
41,Steven Schockaert,Q62053815
44,Terence Payne,Q60777646
46,Simon Gottschalk,Q64569192
47,Gong Cheng,Q96058464
48,Wouter Beek,Q57418773
50,Monica Paramita,Q91430206
52,Wolf-Tilo Balke,Q62415794
53,Sylvain Kubler,Q61159862
55,Guohui Xiao,Q44607571
58,Yuan-Fang Li,Q59687872
59,Peter Boncz,Q27916323
60,Klaus Berberich,Q42362192
67,Diego Moussallem,Q93957484
72,Myriam Lamolle,Q20961888
85,Ognjen Savkovic,Q102633581
87,Djellel Difallah,Q104290608
88,Piotr Krysta,Q102337578
92,Debanjan Chaudhuri,Q106522309
99,Fernando Florenzano,Q93046478
101,Xu Qixin,Q45473729
105,Koninika Pal,Q103066808
119,Changjian Wang,Q91453811
124,Christian Aebeloe,Q64360425
133,Vishwajeet Kumar,Q114319064
146,Gu Jinguang,Q65889257
152,Muhao Chen,Q90286117
8,Stefano Faralli,Q57699244
24,Maria Maleshkova,Q59844388
27,Deborah L. McGuinness,Q5248328
28,Emmanuel Pietriga,Q83180516
29,David Shotton,Q28913576
35,Enrico Gallinucci,Q62067024
37,Stefano Rizzi,Q57919439
39,Matteo Golfarelli,Q62067023
40,Paola Velardi,Q56331825
41,Silvana Castano,Q57063840
43,Caroline Appert,Q89559549
44,Muhammad Intizar Ali,Q60655078
45,Diego Collarana,Q110518597
47,Ioana Manolescu,Q54554753
49,Barbara Poblete,Q102734731
55,Andrea Mannocci,Q96608320
58,Antonio Pizzolante,Q117250842
62,Ivan Yermilov,Q54877396
68,Julius Gonsior,Q109366325
69,Adrian Bielefeldt,Q109631929
71,Sabbir M. Rashid,Q100995137
80,Martin Côté,Q97069962
88,Lorenzo Mosca,Q56469342
89,Cristian Vaccari,Q107961569
93,Lars Heling,Q97097391
95,Dominic Oldman,Q30112522
96,Diana Tănase,Q114374298
98,Marie Destandau,Q104245512
0,Diego Calvanese,Q57193328
1,Torben Bach Pedersen,Q54855029
6,Angela Bonifati,Q114747409
7,Katja Hose,Q21264190
9,Rainer Gemulla,Q39160786
10,Arnaud Soulet,Q98969811
25,Federico Bianchi,Q54806646
26,Fariz Darari,Q61852199
37,Thomas Pellissier Tanon,Q24075199
40,Maarten de Rijke,Q6721195
41,Christian Meilicke,Q49625647
42,Marie-Christine Rousset,Q33113307
43,Alessandro Bozzon,Q57966538
44,Lei Zhang,Q65382850
52,Vadim Savenkov,Q61048485
53,Elena Botoeva,Q62058580
60,Zhang Weinan,Q65812291
62,Walid G. Aref,Q102317295
69,Panos Constantopoulos,Q112401435
83,Simon Razniewski,Q51903121
84,Christoph Lofi,Q102443130
90,Alexandros Chortaras,Q102427159
96,Michael R Glass,Q82887961
97,Mayank Kejriwal,Q49145043
100,Manuel Finke,Q124830156
103,Sepideh Mesbah,Q30098458
105,Paramita Mirza,Q27049196
109,Yangmei Li,Q88342276
117,Lihua Qian,Q96093757
118,Kewei Tu,Q102393577
121,Irini Fundulaki,Q125173301
122,Giorgos Flouris,Q125173317
126,Henrik Forssell,Q102374223
137,Isabelle Mougenot,Q122474349
138,Sumit Bhatia,Q102635109
155,Svitlana Vakulenko,Q103202380
3,Marco Antonio Casanova,Q57416873
19,Sven Hertling,Q96376013
33,Stefan Schlobach,Q57235666
36,Hajira Jabeen,Q61562741
43,Dimitris Kontokostas,Q47543874
44,Robert Sanderson,Q57839788
49,David M. Weigl,Q58295658
53,Miguel A. Martínez-Prieto,Q58049503
58,Roger Hilfiker,Q56524783
60,Marco Brambilla,Q42593195
65,Eetu Mäkelä,Q59297852
66,Dag Hovland,Q57193263
70,Andrea Mauri,Q58918502
72,Michael Schumacher,Q98612709
76,Varun Ratnakar,Q52353558
77,Michael Zakharyaschev,Q109605278
98,Lorenz Bühmann,Q111309182
104,Mohamed Morsey,Q67396000
105,Alan J Meehan,Q57640405
111,Giseli Rabello Lopes,Q61107107
115,Eleanor E. Fink,Q115126553
117,David Newbury,Q5237990
129,Peter Bloem,Q54839642
131,Bas Stringer,Q27972041
145,Deborah Khider,Q63965421
146,Julien Emile-Geay,Q58140821
148,Marcos Martínez-Romero,Q57153649
149,Attila L Egyedi,Q90248616
150,Debra Willrett,Q109720765
151,John Graybeal,Q59753738
153,Arild Waaler,Q117232541
160,Mikhail Roshchin,Q503663
162,Claudius Julianus,Q97104339
167,Jiewen Wu,Q102424276
171,Gemma Gallagher,Q21461918
1,Giuseppe De Giacomo,Q59189527
8,Patrick Lambrix,Q37370162
11,H.E. Bal,Q64658289
12,Simone Paolo Ponzetto,Q28578432
23,Rafael Peñaloza,Q57517599
31,Volker Tresp,Q30087207
33,Chris T. Evelo,Q19845641
34,Egon Willighagen,Q20895241
35,Núria Queralt Rosinach,Q29644228
36,Iovka Boneva,Q51602564
39,Davide Lanti,Q57193258
40,Maximilian Marx,Q57193637
46,Sadok Ben Yahya,Q62053835
53,John Howse,Q82432213
54,Matthew Dennis,Q85849994
57,Ana Ozaki,Q57193634
58,Egor V. Kostylev,Q62058582
59,Gem Stapleton,Q90748627
60,Ernest Teniente Lopez,Q77863260
61,Laura I. Furlong,Q30347594
62,Jorge Perez,Q102398281
63,Eric G. Prud'hommeaux,Q28914639
64,Christopher Phethean,Q51951863
79,Alessandro Artale,Q102427271
80,Angelos Charalambidis,Q102416537
85,Sven Seuken,Q102975437
87,Vasilis Efthymiou,Q105075837
92,Anni-Yasmin Turhan,Q102312238
96,Vassilis Christophides,Q125173292
111,Dmitry Moor,Q504262
116,Viachaslau Sazonau,Q114833053
123,Thomas Paradiso,Q9358518
125,Francesco Sportelli,Q112180398
132,Ludwig Michel,Q10320459
133,Kees van Deemter,Q102333432
140,Hélène Jaudoin,Q44584020
143,Andreas Nölle,Q124413536
144,Melisachew Wudage Chekol,Q121760088
149,Reza Samavi,Q59452897
156,Antonis Troumpoukis,Q103269107
2,Yannis Ioannidis,Q105531064
12,Paul Buitelaar,Q40878013
18,Julia Bosque-Gil,Q57762365
40,Michael Martin,Q118773957
41,Anthony G. Cohn,Q53843633
42,Roberto García,Q57453884
47,Filippo Gramegna,Q98904415
50,Frank T. Den Hartog,Q79849656
51,Heshan Du,Q60024038
52,Pierre Genevès,Q13399681
53,Spyros Kotoulas,Q57235713
62,Jose Luis Ambite,Q56944089
63,Rosa María Gil-Iranzo,Q104742937
64,Ralf Möller,Q64360368
66,Nicolas Matentzoglu,Q60972192
67,Michele Ruta,Q57511506
71,Lara S. G. Piccolo,Q62066666
73,Bernardo Cuenca Grau,Q117232529
74,Joanna Biegańska,Q86577206
77,Nabil Layaïda,Q102109863
93,Gully A.P.C. Burns,Q35876688
98,Julian Dolby,Q102412853
109,Amit Krishna Joshi,Q102676457
112,Martin Ringsquandl,Q117232530
113,Stephan Grimm,Q64729147
115,Yannis Kotidis,Q117232533
116,Theofilos Mailis,Q117232534
119,Christoforos Svingos,Q117232532
120,Dmitriy Zheleznyakov,Q117232531
123,Florian Haag,Q102301578
124,Saverio Ieva,Q98904417
130,Gerben Klaas Dirk de Vries,Q56490387
134,Fanghuai Hu,Q96249481
143,Mihael Arcan,Q61094611
156,Zhijia Fang,Q87176042
162,Benedikt Kämpgen,Q65014810
171,Erdal Kuzey,Q67234312
176,Rob Brennan,Q57776370
1,Andreas Dengel,Q87773675
11,M. Tamer Özsu,Q58352889
15,Wendy Hall,Q11626
17,Norman William Paton,Q14492070
18,Ricardo Usbeck,Q67207397
25,Esteban Zimányi,Q54856312
44,Cássia Trojahn,Q106815055
47,Gerard de Melo,Q21057281
50,Meghyn Bienvenu,Q28778520
54,Guozheng Rao,Q92185329
58,Alvaro A. A. Fernandes,Q107269499
60,George Drosatos,Q58075889
62,Cristina Feier,Q57193300
68,Dilshod Ibragimov,Q54856241
75,Giancarlo Guizzardi,Q44479911
76,Anika Groß,Q102429981
83,Zhiyong Feng,Q89860418
89,Josiane Xavier Parreira,Q95951776
112,Allan Third,Q84221131
113,George Gkotsis,Q125315434
116,Stefanos Roumeliotis,Q88219388
121,Zlatan Dragisic,Q106531652
136,Wu Wenrui,Q65850287
138,Linhong Zhu,Q102377881
1,Renée Miller,Q14095
2,Nigam H. Shah,Q57194114
4,Tom Narock,Q58117445
9,Ricardo Usbeck,Q67207397
18,Shih-Fu Chang,Q37203066
38,Ansgar Scherp,Q57955148
43,Feng Gao,Q57853882
44,Kerstin Lehnert,Q57079972
45,Juan M. Banda,Q48975677
50,Rik Van de Walle,Q41900756
52,Peter Edwards,Q59587229
56,Kody Moodley,Q59418334
57,Mark P. Schildhauer,Q47502211
67,Ivan José Varzinczak,Q102412389
75,Thomas Andreas Meyer,Q102247313
86,Naomi Ono,Q11464212
90,David Corsar,Q58198207
101,Jakub Kozák,Q124624979
107,Jay Banerjee,Q97428683
117,Johanna M Harrison,Q87955957
123,Patrik Schneider,Q113716515
126,Hallstein Lie,Q117232537
134,Suzanne M. Carbotte,Q107538720
136,Douglas Fils,Q57221355
138,Matthew B. Jones,Q56505768
140,Audrey Mickle,Q57221342
143,Adam Shepherd,Q57221368
145,Laurens Rietveld,Q110891873
147,Steffen Lamparter,Q64729144
153,Yin Chengye,Q65902188
159,Steven Minton,Q98506438
167,Gaurav Vaidya,Q54698984
168,Magnus Knuth,Q30342960
17,João Alexandre Leite,Q62050534
18,Renate Schmidt,Q64360405
22,Gavin Brown,Q63367240
26,Matthias Knorr,Q62036824
39,Chandra Bhagavatula,Q124631912
53,Lisette Espín-Noboa,Q93165680
55,Michael Krauthammer,Q61772027
62,Besnik Fetahu,Q33292049
63,Melanie Herschel,Q21264396
65,Hector Levesque,Q5696759
76,Kemele M. Endris,Q107285197
92,Laurens De Vocht,Q59914692
98,Evgenij Thorstensen,Q102414016
111,Evangelia Daskalaki,Q56084670
118,Yong-Bin Kang,Q59676954
123,Christine Chichester,Q19845665
129,Kunal Sengupta,Q102440228
7,Anh Le-Tuan,Q95305423
8,Gregor Schiele,Q115466504
19,Ioannis (Yiannis) Kompatsiaris,Q57762477
27,Isabelle Augenstein,Q30338957
32,Erik Champion,Q112201375
39,Georgios Meditskos,Q63244913
40,Lexing Xie,Q64834327
41,Efstratios Kontopoulos,Q58177613
45,Robert-Jan Sips,Q59163365
47,Sébastien Ferré,Q59601847
72,Emanuel Santos,Q30513969
73,Francisco M. Couto,Q41049168
77,Michele Nori,Q115059277
80,Jonathan D Mortensen,Q89312724
84,Francisco Martin-Recuerda,Q119480830
88,John Robert Warren,Q88969266
98,Thorsten Liebig,Q93030157
103,Anca Dumitrache,Q63844394
110,Maximilian Nickel,Q30525004
116,Giuseppe Liguori,Q104831068
126,Veli Biçer,Q65013303
15,Robert David Stevens,Q7343410
20,Ahmet Soylu,Q102418379
22,Steve Pettifer,Q15429595
35,Jan Wielemaker,Q26702940
37,Syed Sibte Raza Abidi,Q90315079
39,Michael Granitzer,Q58313433
40,Antony John Williams,Q4777220
43,Andra Waagmeester,Q19845625
52,Paolo Merialdo,Q57573624
54,Louiqa Raschid,Q57515849
57,James Cheney,Q18618592
58,Eduardo Veas,Q83610204
60,Helena F. Deus,Q54303346
61,Konstantinos Tarabanis,Q59764701
66,Antonis Loizou,Q34573815
67,Anna Gaulton,Q28946674
68,John P. Overington,Q30104439
69,Ian Dunlop,Q55473226
71,Colin Batchelor,Q28923515
72,Georg Lausen,Q63272056
74,Patrick Hoefler,Q57431022
99,Andrea Christina Unger,Q102391491
100,Günes Aluç,Q102646051
105,Matthias van Rossum,Q112525019
108,Fredo Erxleben,Q56585786
135,Daniela Digles,Q19845608
138,Jon Steele,Q3085715
139,Valery Tkachenko,Q28925903
140,Valter Crescenzi,Q102314377
141,Disheng Qiu,Q102929485
167,Christopher Brewster,Q56447922
2,Themis Palpanas,Q28806974
4,Luca Foschini,Q52664654
5,Grant McKenzie,Q56937383
8,Antonio Corradi,Q57312264
18,Giovanni Semeraro,Q57944866
19,Jun Zhao,Q54303120
41,Stuart Owen,Q55473205
42,Jacky L Snoep,Q45959692
43,Martin Brümmer,Q57585180
46,Mark N. Gahegan,Q117304909
57,Stefan Senger,Q19845653
59,Wolfgang Müller,Q89133458
60,Esteban García-Cuesta,Q83227073
63,Graham Klyne,Q56448123
70,Michael Schuhmacher,Q428210
78,Pierre-Yves Vandenbussche,Q64826702
80,Mikalai Tsytsarau,Q117308231
84,Albert Haque,Q96577547
85,Felix Leif Keppmann,Q65380861
97,Aleix Garrido,Q116872826
104,Yves Raimond,Q93365336
108,Dominique Ritze,Q68635765
113,Olga Krebs,Q57058817
117,Hannes Mühleisen,Q111338024
126,Tom De Nies,Q115013243
127,Christoph Pinkel,Q117232535
128,Csongor Nyulas,Q77372488
129,Joao Ricardo Nickenig Vissoci,Q90075919
130,Cinzia Daraio,Q41798618
131,Ricardo Pietrobon,Q56604697
48,V. S. Subrahmanian,Q102130437
53,Roberto Navigli,Q36486151
55,Guido Governatori,Q58041904
57,Samantha Bail,Q81296304
60,Margaret-Anne Storey,Q51060321
64,Thomas Schneider,Q100395679
65,Paul Mulholland,Q96435625
75,William W. Cohen,Q28018483
76,Frank Wolter,Q102123504
79,Lise Getoor,Q15995094
81,Hans Uszkoreit,Q5650791
84,Andreas Schwarte,Q63864259
96,Antonino Rotolo,Q112460288
97,Sven Schewe,Q102392183
117,Alberto Lavelli,Q91847364
124,Andriy Nikolov,Q106823378
127,Rave Harpaz,Q102306877
128,Patricia L Whetzel,Q106475699
136,Alessandro Margara,Q110659191
141,Rongfang Bie,Q67242772
147,Sambhawa Priya,Q116773087
150,Yongtao Ma,Q65178155
167,Alexander Kirillovich,Q103340063
168,Vladimir Nevzorov,Q2066258
173,Hoan Nguyen Mau Quoc,Q90633032
179,Michele Catasta,Q52221632
5,Viktor K. Prasanna,Q21033172
12,Thomas Eiter,Q62559769
15,Pol Mac Aonghusa,Q96608997
16,Giovanni Grasso,Q60656061
17,Pablo Mendes,Q56441037
21,Aris Gkoulalas-Divanis,Q51061734
25,Sebastian Tramp,Q118773415
32,Michael Hausenblas,Q57637670
33,Yogesh Simmhan,Q57235720
48,Valérie Issarny,Q105409476
64,Christian Schallhart,Q102341783
74,Bert Van Nuffelen,Q102413764
78,Shashank Tyagi,Q88501281
83,Thorsten Krüger,Q19960204
85,Alan Eckhardt,Q102426951
87,Chris Mellish,Q83542534
93,Andrew Jon Sellers,Q102409027
98,Sara Magliacane,Q113955057
102,Chen Daoming,Q717442
104,Alexey Boyarsky,Q114422210
112,Steffen Stadtmüller,Q65356106
123,Michael Watzke,Q56887561
133,Giulia Masotti,Q80112900
135,Feroz Farazi,Q92042395
144,J. William Murdock,Q102259550
145,Aditya Kalyanpur,Q4683075
14,Annika Hinze,Q42728899
15,Carlos Viegas Damásio,Q57775604
26,Adrian Paschke,Q63244921
44,Jean Christoph Jung,Q104507235
60,Anastasia Analyti,Q88712412
69,Qiang Yang,Q15063504
78,Francesco Draicchio,Q106604024
93,Szymon Klarman,Q102440319
96,Ralf Heese,Q57631817
99,Ilianna Kollia,Q102427166
101,Manos Karpathiotakis,Q114456434
113,Andrea Maurino,Q54852709
116,Trond Aalberg,Q56570114
119,Marcel Karnstedt,Q99228770
120,Milan Dojchinovski,Q111254418
122,Tomáš Vitvar,Q112428158
123,Maciej Zaremba,Q920044
125,Anastasios Kementsietsidis,Q102165599
7,Seppo Pohjolainen,Q59476226
14,Alex Pentland,Q4717615
17,Timothy Lebo,Q56876109
27,Saeedeh Shekarpour,Q105084920
30,Karuna Panda Joshi,Q102406191
31,Qing Liu,Q124985057
34,Siegfried Handschuh,Q64851946
37,Andreas Abecker,Q64825242
41,Matteo Gerosa,Q86216857
49,Steven P Wilder,Q30503485
57,Eero Hyvönen,Q56331940
71,Zheng Jinguang,Q65900134
72,Linyun Fu,Q102664400
81,Federica Rizzoli,Q114443608
82,Anna Rovella,Q95114818
85,Sandra R Villamizar,Q87045894
86,Thomas C Harmon,Q92985371
90,Andreas Zankl,Q56509613
92,Giacomo Ghezzi,Q64778418
93,Michael Würsch,Q124415364
97,Alexandre Passant,Q56477723
98,Ivo Lasek,Q102434343
100,Jaakko Aukusti,Q57943902
101,Ossi Nykänen,Q102312714
103,Juha Nurmi,Q11867395
108,Kari Koskinen,Q113170491
4,Patrice Ossona de Mendez,Q21055200
28,Brian Matthews,Q56998935
29,Bettina Berendt,Q48564674
31,Maurizio Vincini,Q58300868
32,Francesco Guerra,Q58300890
35,Simon Buckingham Shum,Q58585858
36,Sonia Bergamaschi,Q58339477
39,Dejing Dou,Q95625407
49,Richard Waldinger,Q7329766
54,Bernd Amann,Q102363021
58,Liu Gangmin,Q97602851
62,Catriel Beeri,Q102077864
64,Michel Olivier Scholl,Q102271546
69,Dan Brickley,Q56641640
82,Markus Zanker,Q62058481
83,Marek Hatala,Q123412433
92,Francesco Taglino,Q120907206
95,Julien Tane,Q64852125
105,Pierre Rosenstiehl,Q3386861
132,Gopal Gupta,Q50082811
135,Deborah Richards,Q57303245
137,Bernard Gibaud,Q56512623
172,Kirk Martinez,Q6415488
175,Liming Chen,Q88454063
179,Olivier Dameron,Q88784441
180,Mauro Gaspari,Q103812141
183,Hank Levy,Q5648390
186,Stefano Bocconi,Q83545723
187,Kouji Kozaki,Q59704986
191,Rakesh Agrawal,Q18683833
195,Pedro Domingos,Q21066874
196,Miriam R. L. Petruck,Q99960843
198,Gustaf Neumann,Q18624842
199,Ljiljana Stojanović,Q64851864
208,Boualem Benatallah,Q112394267
211,I. V. Ramakrishnan,Q112482354
217,Paul H. Lewis,Q7151068
220,Simon Goodall,Q96186706
223,Alison Stevenson,Q124419825
229,Mohand Saïd Hacid,Q112393448
231,Farouk Toumani,Q121809935
232,Zaviša Bjelogrlić,Q114307514
233,Dirk-Willem van Gulik,Q5280782
250,Kōji Kamei,Q121355284
258,Nick Giles,Q20676751
273,Hongsuda Tangmunarunkit,Q102326242
276,Niranjan Suri,Q112374573
278,Zhen-Jie Wang,Q91197314
279,Sheng Huanye,Q112416307
284,Frank R. Martin,Q22670622
303,William Clement Regli,Q102291689
304,Fereidoon Sadri,Q102265119
308,Oge Marques,Q96054310
311,Yannis Labrou,Q102392759
320,Guizhen Yang,Q102264042
323,Charles J. Fillmore,Q1065000
327,Yoshinobu Kitamura,Q11401961
329,Michael Uschold,Q15429177
337,Mark D. Wilkinson,Q37392357
352,Ramanathan V. Guha,Q3929838
385,Austin Tate,Q15994776
392,Duncan Hull,Q47012855
393,Ikki Ōmukai,Q11433359
398,Hideaki Takeda,Q57886243
401,Suzanne Little,Q92162779
406,Alun Preece,Q59305726
407,David Walker,Q106629559
409,Lincoln Stein,Q6551037
414,Bradley Bebee,Q110720944
415,Richard Fikes,Q7325676
421,Boi Faltings,Q60735386
441,Bryan B. Thompson,Q124856586
446,Robert McCool,Q3435889
458,Daniel C. Berrios,Q110610825
471,Aleksander Pivk,Q114318739
478,Paolo Traverso,Q60788254
480,Chris Wroe,Q58895008
483,Tim Van Pelt,Q23153502
484,Ronald Ashri,Q102292645
531,Shin Adachi,Q11637024
534,Sandy Lau,Q7255802
536,Александр Всеволодович Рязанов,Q4402579
569,Andy Brass,Q15994326
595,Gerd Wagner,Q102724796
607,Vadim Ermolayev,Q58198021
608,Robert Baumgartner,Q86399946
612,Olga De Troyer,Q98665590
613,Paolo Avesani,Q96127821
620,Simon Miles,Q57062956
621,Arash Shaban-Nejad,Q47493775
631,Alfred Spector,Q4723459
632,Thierry Moyaux,Q102313722
640,Alexander Löser,Q102438145
648,Volker Haarslev,Q112354708
667,Steven A. Battle,Q67323521
669,Stuart K Williams,Q89313995
672,Raúl Palma,Q7299821
683,Matthias Kriesell,Q102178827
685,Daniele Turi,Q102440932
705,Ralph Hodgson,Q1858252
716,Daniel Weitzner,Q20675764
717,Christopher J. O. Baker,Q59389381
724,Pranam Kolari,Q102392771
727,Amit Goswami,Q472362
735,Marco Cammisa,Q39713375
741,Sumit Mittal,Q96141332
742,Zdeněk Zdráhal,Q112389269
764,Yarden Katz,Q102434725
770,Mercedes Blazquez,Q73447071
772,Ivan Martos,Q1335371
809,Dirk Vermeir,Q102247526
810,Tsz-Chiu Au,Q102413132
814,Antoon Goderis,Q108901345
815,Cornelis J. van Aart,Q102359165
821,Raúl García Castro,Q57415398
825,Tonya Hongsermeier,Q125194248
834,Toru Ishida,Q57063701
837,Simon Harper,Q37841254
876,Luc Steels,Q2090838
904,Wu Zhaohui,Q19849356
907,Mike Cafarella,Q6846221
915,Suzanne Embury,Q63350896
916,M Omair Shafiq,Q99406754
921,Norberto Fernández,Q102051814
922,Luis Sanchez-Fernandez,Q58140612
923,Göran Falkman,Q57963156
932,Tom Gruber,Q7816025
934,Jane Fountain,Q6152228
951,Jesus Arias Fisteus,Q102304180
978,Tom Gardiner,Q7815899
981,Klaas Dellschaft,Q116182999
997,Mikey Nicholls,Q11339558
1028,Marco de Niet,Q15734253
1033,Melanie Aurnhammer,Q102308374
1042,Weisen Guo,Q59529917
1061,Malte Kiesel,Q102967899
1102,Yū Miyoshi,Q106994247
1119,David Ferrucci,Q16728975
1128,Ovunc Ozturk,Q87394780
1132,Loredana Laera,Q102429040
1141,Francesco M Donini,Q57445339
1146,Markus Stocker,Q56755378
1151,Osma Suominen,Q59247691
1157,Jörg Hoffmann,Q102352888
1177,Christoph Meinel,Q92706
1187,Horacio Saggion,Q62057766
1194,Fernando Bobillo Ortega,Q50432370
1200,Juan Gómez Romero,Q57446055
1209,Tuukka Ruotsalo,Q57954011
1214,Katharina Siorpaes,Q64526593
1218,Dave Robertson,Q110362154
1245,Ondřej Šváb,Q111577762
1246,Lloyd Rutledge,Q114568803
1254,Huang Xuanjing,Q45727815
1256,Zachary Ives,Q57239897
1272,Miroslav Vacura,Q120578219
1289,Peter Gorgel,Q95821893
1302,Chintan Patel,Q116852098
1330,Katharina Reinecke,Q123282983
1340,Sylvie Despres,Q98230261
1351,Gianluca Troiani,Q57303186
1357,František Mička,Q51841610
1362,Gijs Geleijnse,Q104565133
1363,Jan H. M. Korst,Q102230824
1367,Hong-Gee Kim,Q89665086
1370,Stephan Bloehdorn,Q64966414
1388,Chutiporn Anutariya,Q112390191
1389,Vilas Wuwongse,Q68544068
1409,Jos de Bruijne,Q111853618
1418,Viktoria Pammer,Q57302344
1419,Cynthia S. Parr,Q41566514
1420,Padhraic Smyth,Q28033811
1447,Fulvio Corno,Q57443031
1455,Lars Schmidt-Thieme,Q59857743
1459,Timos Sellis,Q57936540
1470,Krisztian Buza,Q59875460
1477,Nick Bassiliades,Q58177264
1482,Richard Mcclatchey,Q55057664
1497,Dimitris Sacharidis,Q106593829
1533,Ronald Denaux,Q63284074
1535,Catherine Dolbear,Q112477077
1542,Faezeh Ensan,Q102302942
1543,Weichang Du,Q102251307
1547,Tamás Hauer,Q102344681
1552,Alexey Tsymbal,Q102484780
1563,Kevin William Shank,Q75940690
1566,Nicolas Sabouret,Q123097911
1567,Nicholas Griffith,Q53222227
1577,Nicholas Del Rio,Q102406922
1581,Rogier Brussee,Q102216550
1598,Dario Bonino,Q59185706
1601,Mark Steyvers,Q61821952
1602,Colm Conroy,Q102442255
1607,Feng Yuzhang,Q45663012
1610,Glenda Kelly,Q110992395
1611,Lushan Han,Q102421320
1628,Philipp Sorg,Q64852404
1643,Paolo Tonella,Q57302295
1645,Tiziana Margaria,Q56643867
1648,Bernhard Steffen,Q15699902
1652,Franz Baader,Q92729
1653,Mohamed Medhat Gaber,Q46862308
1655,Dragan Gasevic,Q53567967
1656,Tom M. Mitchell,Q7816669
1661,John G. Breslin,Q6223085
1682,Thomas Krennwallner,Q57413170
1689,Andrea Pugliese,Q59193469
1706,Timothy W. Clark,Q30743874
1709,Martin Gaedke,Q61161287
1711,Zhe Wang,Q57193289
1715,Gianluca Correndo,Q80550003
1721,Malte Isberner,Q59393686
1723,Wolfram Wöß,Q23060378
1724,Ulf Leser,Q102432166
1728,David E. Millard,Q67215322
1732,Giovambattista Ianni,Q102406368
1734,Daniela Petrelli,Q120585299
1737,Roland Stühmer,Q65178172
1748,Hugo Zaragoza,Q67399480
1761,Jan Pieper,Q50894518
1762,Christine Robson,Q102399942
1763,Зоран Јеремић,Q25461177
1784,Alessandra Martello,Q102412799
1794,Dirk Kramer,Q9207720
1828,Martin Knechtel,Q102370643
1829,Terrance L. Swift,Q102355265
1838,Kay-Uwe Schmidt,Q65013097
1846,Sergey Sizov,Q15079283
1847,Anna Averbakh,Q102435347
1852,Aba-Sah Dadzie,Q63434873
1853,Nova Spivack,Q7064323
1857,Johann Christoph Freytag,Q102343106
1880,Bouke Huurnink,Q102425975
1887,Umberto Straccia,Q57976810
1903,Pat Hayes,Q7143532
1912,Jan Hidders,Q57062132
1925,Nick Jennings,Q15994542
1930,Leslie Carr,Q15266945
1931,David Laniado,Q28946764
1948,Fernando Silva Parreiras,Q57443404
1995,Henry S. Thompson,Q2661474
1996,Hans-Jörg Happel,Q65380667
2004,Paea LePendu,Q109720638
2020,Marco Faella,Q112232210
2026,Joshua Shinavier,Q103363664
2031,Mudhakar Srivatsa,Q102345360
2064,Tobias Kowatsch,Q88202589
2065,Marc Cuggia,Q61467267
2070,Matt-Mouley Bouamrane,Q89297282
2071,Guo-Qiang Zhang,Q59299209
2074,Harold Solbrig,Q44607574
2077,Bert Bredeweg,Q102358805
2097,Sabine Janzen,Q103293919
2101,Jiao Tao,Q102395761
2105,Elena Beisswanger,Q114398473
2106,Daṿid Ben-Daṿid,Q16129906
2118,Ulf Morgenstern,Q24952515
2119,Jochem Liem,Q117222808
2120,Esther Lozano,Q86555040
2125,Wei-Qi Wei,Q88200509
2126,Christopher G. Chute,Q5112376
2129,Olivier Bodenreider,Q51753485
2136,Samir Khuller,Q16730824
2181,George Papadakis,Q86065954
2191,Andreas Thor,Q89258719
2198,Harris T Lin,Q57350656
2208,ilknur Celik,Q57479885
2210,Serge Abiteboul,Q3479163
2212,Barna Saha,Q76877611
2215,Michael Grüninger,Q15429296
2252,Alice Hermann,Q1035567
2257,Ricardo Kawase,Q109605454
2258,Neeraj Koul,Q102372056
2270,Gregory Todd Williams,Q103363648
2280,František Simančík,Q112400910
2285,Desiree Daniels,Q116473083
2296,David Gross-Amblard,Q102613347
4,Thies Pfeiffer,Q60984124
11,Alvaro Graves,Q61552381
39,José Júlio Alferes,Q62050533
45,Virginia Dignum,Q59587250
49,Iryna Gurevych,Q21262416
56,Stefan Kopp,Q60168177
61,Erik M van Mulligen,Q37611901
68,Stefan Schulz,Q88393355
69,John Hosking,Q102439305
71,Daniel Rubin,Q59755648
79,Sibel Adalı,Q67497540
81,Shashi Shekhar,Q28950235
82,Kaarel Kaljurand,Q110963302
83,Torsten Zesch,Q60417391
94,Luigi Iannone,Q95349747
111,Gautier Poupeau,Q41332476
112,Emmanuelle Bermès,Q42303200
132,Paul Doran,Q7150323
151,Felix Kratzer,Q95899609
158,Huib Aldewereld,Q102357134
228,Christian Jacquemin,Q99461822
229,Frédéric Vernier,Q102437295
248,Carlos Ruíz-Moreno,Q92409810
254,Daniel Oberle,Q64729142
262,Neda Alipanah,Q112945553
263,Kōtarō Nakayama,Q11364216
281,Sara Cohen,Q102311695
282,Dunja Mladenić,Q60682683
286,Ralf Steinmetz,Q1469375
298,David De Roure,Q5232894
299,Nigel Shadbolt,Q7032634
309,Stefan Schulte,Q58196275
311,Olga Ximena Giraldo,Q61793970
318,Christian Becker,Q61267981
319,Kevin Page,Q59998471
330,Sebastian Schaffert,Q15428819
333,Pericles A. Mitkas,Q57655724
334,Reynold Xin,Q26703258
345,Nicholas Gibbins,Q59542599
346,Mathias Niepert,Q102361419
361,Daniela Inclezan,Q102405286
382,Zhipeng Peng,Q94505777
399,Kaifeng Xu,Q89090034
410,Matthias Assel,Q30650732
441,Tadej Štajner,Q114318701
448,Finn Bacall,Q117275099
455,William Hogan,Q56590169
463,Michael Sioutis,Q58386991
483,Joaquin Gabarro Valles,Q77860036
497,Dimitrios Michail,Q102311480
525,Mathias Brochhausen,Q57161944
540,Joey Benik,Q106623456
548,Kazuhiko Ohe,Q89131091
566,Davy Van Deursen,Q59914638
581,Kathryn Dunn,Q107560796
586,Trevor Collins,Q104006906
606,Arkady Zaslavsky,Q91965561
614,Sara Tonelli,Q116436052
615,Dat Quoc Nguyen,Q55571930
616,Antske Fokkens,Q57570279
636,Christin Seifert,Q57170280
641,David L Buckeridge,Q57153402
668,Steven Lynden,Q57226373
672,David W. Lamb,Q55071605
699,Greg Falzon,Q89260111
713,Alessandra Sala,Q95409241
715,Carsten Binnig,Q117232543
717,Haixun Wang,Q102249443
723,Rachele Sprugnoli,Q116647161
736,Dimitrios Georgakopoulos,Q86876203
756,Hassan Aït Kaci,Q102175679
758,Siaw-Teng Liaw,Q86929138
772,Aketo Nakamura,Q6579271
780,Christoph Einsiedler,Q95766455
789,Chin-Wan Chung,Q102440475
796,Weijia Shen,Q96126250
802,Thomas Erickson,Q112494877
825,Marat Charlaganov,Q82441318
835,Yang Fengyu,Q65910795
838,Brendan Ashby,Q16146179
876,Weerapat Onsa-ard,Q123553134
887,Maxime Lavigne,Q92150100
889,Luke Mondor,Q98285771
891,Aparna Nagarajan,Q81810007
893,Karthik Prasad,Q90902484
904,Brett Cooke,Q123279394
905,Mark P Molloy,Q61160848
911,Paolo Bottoni,Q111802353
916,Kai-Uwe Sattler,Q29315405
949,Stefano Cresci,Q61093886
961,Yulan He,Q60636523
967,Raffaele Perego,Q58994395
980,Salvatore Orlando,Q56513292
983,Gemma Webster,Q57422518
985,Andrea G. B. Tettamanzi,Q58411893
986,Guillaume Blin,Q59189720
990,Thomas Risse,Q58288624
991,A Min Tjoa,Q58034488
992,Arnaud Droit,Q86783080
1005,Arno Scharl,Q57303210
1009,Fabio Rinaldi,Q27689128
1013,Juan Antonio Lossio-Ventura,Q61126905
1018,Andrea Marchetti,Q58167265
1024,Nikos Bikakis,Q81616520
1027,Alessandro Adamou,Q57303174
1028,Carlos A. Iglesias,Q56737722
1029,Evangelos Kalampokis,Q59764695
1032,Simon Brown,Q58027794
1033,Xavier Serra,Q8043306
1034,Maurizio Tesconi,Q58167124
1035,Mohsen Kahani,Q96183646
1039,Lars Borin,Q70222618
1044,Chrisa Tsinaraki,Q58428292
1058,Claudio Lucchese,Q84444765
1066,Enrico Malizia,Q62036706
1067,Tomas Ward,Q60571546
1070,Alison Callahan,Q37612513
1075,Angelica Lo Duca,Q83722226
1085,Tore Risch,Q114615220
1097,Brigitte Mathiak,Q102350328
1106,Ashraf Aboulnaga,Q102265430
1123,Yannis Velegrakis,Q102165600
1131,Georgios Theodoropoulos,Q70282460
1153,Youngsik Kim,Q87998884
1166,Stéphane Campinas,Q117076049
1170,Nguyen Hai H,Q96765082
1177,Nguyễn Ngọc Tư,Q130429
1197,Weiguo Xia,Q102422885
1200,Xueming He,Q92487780
1201,Cornelia Hedeler,Q107269370
1210,Peter Ansell,Q61656179
1211,Vincent Emonet,Q59477469
1212,Francois Belleau,Q96971714
1214,Helen Barlow,Q75335774
1218,Andreas Lommatzsch,Q102550221
1224,Jan Kallenbach,Q3161686
1233,Leander Seige,Q95351937
1237,Juan Fernando Sanchez Rada,Q88633833
1244,Alessandro Solimando,Q64360851
1264,Zachary P. Fry,Q103275072
1271,Fattane Zarrinkalam,Q103008560
1278,Francesco Cecconi,Q30111761
1288,Salvatore Trani,Q109777853
1311,Enache Ramona,Q102460028
1313,Andrea D'Errico,Q41083162
1333,Carlo Tasso,Q87683650
1347,Maria Zotou,Q105719111
1349,Efthimios Tambouris,Q59764706
1356,José Maria Monteiro,Q10309959
1426,Rathachai Chawuthai,Q120486070
1450,Maria C Cavalcanti,Q58909155
1459,Felix Naumann,Q55195307
1478,Dino Ienco,Q57238384
1483,Dean B. Krafft,Q102257861
1512,Andreas Nürnberger,Q58311759
1517,Tatsuya Kushida,Q59684199
1568,Carlo Antonio Zaniolo,Q102249387
1593,Huda Khan,Q93026969
1597,Arthur DeGaetano,Q107468710
1620,Souripriya Das,Q102249172
1633,Maria Chatzimina,Q102396697
1634,Heleni Kazantzaki,Q44477349
1638,Sangjin Shin,Q93033869
1656,Jian'gang Zhu,Q113794591
1688,Nicoleta Preda,Q91970384
1708,Holly J Ferguson,Q92335234
1726,Patrice Seyed,Q102392537
1735,Yasar Khan,Q58043656
1738,Ratnesh Sahay,Q112185041
1743,Alexey Morozov,Q61103806
1782,Paul Gault,Q122854585
1807,Mehmet Aydar,Q88680761
1808,Austin Melton,Q102162750
1815,Sa-Kwang Song,Q98771988
1822,Rodolphe Bailly,Q93057462
1838,Xuelu Chen,Q87867795
1839,Primal Pappachan,Q111394607
1853,Jan Mendling,Q57312382
1854,Quan Z. Sheng,Q58959130
1884,Dhavalkumar Thakker,Q60023516
1935,Atsuko Yamaguchi,Q54302736
1936,Femke De Backere,Q57954996
1937,Andrea Splendiani,Q58894015
1962,Amna Basharat,Q96235472
1967,Pieter Simoens,Q91191147
1968,Shirley A Elprama,Q92874166
1969,Peter Mechant,Q56928366
2053,Henning Agt-Rickauer,Q103352640
2078,Charlotte Jewell,Q119548002
2087,Roger Nkambou,Q112433163
2093,Mathias Van Compernolle,Q120485732
2101,Alexandre Monnin,Q110636152
2129,Mikako Saito,Q89816193
2141,Fernando Serena,Q3742965
2155,Yu Sugawara,Q65280899
2156,Ryota Nishimura,Q120681422
2164,Hiroshi Umemoto,Q11538490
2177,Denis Parra,Q88359398
2183,Peter Woollard,Q57414271
2187,Erfan Younesi,Q59662688
2195,Sungmin Joo,Q98718736
2199,Tomokazu Yoshida,Q3274681
2206,Satoshi Kume,Q125201237
2208,Yosky Kataoka,Q94523128
2229,Corentin Jouault,Q113455965
2267,Christoph G. Schuetz,Q87800528
2278,Rima Türker,Q64362977
2362,Filip Pattyn,Q37392281
2369,Volker Gruhn,Q17326829
2386,Michael Schrefl,Q87800533
2395,Shari Trewin,Q58042601
2396,Kathleen M. Jagodnik,Q114581426
2398,Misael Mongiovì,Q51703717
2418,Martin Becker,Q97905093
2421,Rafael C. Jimenez,Q42739778
2429,Loris Bozzato,Q113512530
2430,Ilias Tachmazidis,Q58198220
2431,Sotirios Batsakis,Q62036542
2437,Paul Avillach,Q88894299
2438,Yanlei Diao,Q102293818
2439,Elias Kärle,Q102108753
2445,Noorani Bakerally,Q102388732
2455,Damian Borth,Q102967875
2473,Thomas Niebler,Q103146215
2477,Renhai Chen,Q102799463
2522,Florian Jakobs,Q91928937
2523,Yordan Terziev,Q20641555
2527,Alexander Brinkmann,Q94026560
2538,Alfredo Alba,Q5667475
2564,Konrad Diwold,Q102394354
2570,Benjamin P. Klotz,Q102475159
2596,Stefan Elmer,Q60669880
2601,Thomas Stauss,Q95302996
2608,Mari Jibu,Q60725606
2623,Alexandra Hofmann,Q88011008
2634,Matteo Lombardi,Q102551718
2636,Karim Alami,Q553368
2642,Gaetano Calabrese,Q85953791
2647,Henning Petzka,Q102399782
2683,Evgeny Sherkhonov,Q102440346
2693,Cyrus Afrasiabi,Q106466113
2694,Pedro Assis,Q58254042
2711,Laura Slaughter,Q65966605
2713,Marcos Daniel Zárate,Q70462294
2732,Jon Haël Brenas,Q56774719
2733,Mohammad Sadnan Al Manir,Q96049744
2751,Andrei Gromyko,Q184267
2762,Tatiana Tarasova,Q267861
2773,Tara Raafat,Q123484965
2782,Tobias Klatte,Q88250588
2785,Spyros Andronopoulos,Q60389183
2796,Christopher J. Mungall,Q20746118
2797,Matthias Samwald,Q28914636
2811,Benjamin M. Good,Q19857258
2815,Michael Witbrock,Q6835415
2852,James P. Balhoff,Q37649212
2857,Bram Steenwinckel,Q118950575
2879,Iker Esnaola-Gonzalez,Q90307433
2882,Petr Škoda,Q57232642
2884,Claudio Eccher,Q57302308
2896,Vinay Setty,Q64360431
2900,Seth J. Carbon,Q57081961
2901,Katherine Thornton,Q41533116
2902,Anna Tordai,Q57966589
2903,Damion M Dooley,Q91868864
2904,Sheeba Samuel,Q58200038
2917,Arnaud Grall,Q104054993
2921,Jans Aasman,Q22276676
2923,Kenneth Seals-Nutt,Q47487399
2924,Andi Gutmans,Q466178
2925,Peer Kröger,Q102337050
2945,Marcos Comerio,Q109334717
2949,Gengchen Mai,Q114054915
2951,Izaskun Fernandez Gonzalez,Q113578354
2973,Kareem S. Aggour,Q103162680
3009,Eleonora Presani,Q58343117
3012,Elisenda Bou Balust,Q77862013
3040,Bassem Makni,Q103363691
3047,Maria Stoica,Q58319024
3048,Scott D. Peckham,Q58206651
3056,Gianluca Pepe,Q89482521
3065,Asan Agibetov,Q54805318
3068,Rosa Maimone,Q96093535
3077,Craig E. Stanley Jr.,Q29157177
3106,Gurinder Pal Gosal,Q123250388
3122,Karthik Rajan,Q101116290
3124,Alexander Ryazanov,Q4719997
3138,Sander Vanden Hautte,Q89861230
3148,Manuel Peña Muñoz,Q55948202
3161,Florian Thalmann,Q102421997
3257,Remzi Celebi,Q92091003
3260,Daniel Domingo-Fernández,Q52432103
3277,Simon J D Cox,Q57054176
3294,Antonios Karatzoglou,Q58661173
3311,Sławek Staworko,Q62036890
3315,Harshvardhan J Pandit,Q97541351
3333,Mikus Grasmanis,Q122766638
3392,Paul Vauterin,Q59560394
3395,Jiasheng Wu,Q91418186
3404,Antonio Fabrizio,Q21995498
3410,Fabio Mariani,Q103028809
3413,Junyi Chai,Q58226062
3421,Owen Conlan,Q58905178
3432,Yongxin Yu,Q87530896
3435,Jérémie Dusart,Q65038454
3445,Ammar Ammar,Q86442640
3450,Arturs Sproģis,Q4438230
3470,Ahmad Sakor,Q106522432
3495,Constantine Lignos,Q57684324
3513,Arne Nordmann,Q56422095
3537,Kehan Chen,Q15941645
3563,Alessandro Falcetta,Q113752981
3573,Baptiste Abeloos,Q113529087
3604,Fabian Kirstein,Q115687935
3605,Simon Dutkowski,Q115688113
3606,Benjamin Dittwald,Q115688081
3632,Jonas Oppenlaender,Q57417597
3648,Giuseppe Fenza,Q111759029
3649,Sabrina Senatore,Q59187847
3670,Peb Ruswono Aryan,Q57167805
3675,Wei Pang,Q63977491
3679,Mario Scrocca,Q114849152
3696,Nicolas Ferranti,Q112275836
3708,Emanuel Sallinger,Q58396374
3711,Syed Ahmad Chan Bukhari,Q57677568
3716,Ying Li,Q118808969
3719,Antoine Doucet,Q96290624
3720,Niel Chah,Q63986604
3727,Bernhard Kratzwald,Q111817413
3730,Hans-Georg Fill,Q103026342
3807,Sujit Pal,Q124644820
3821,Thomas Labbé,Q113171033
3827,Michael E Deagen,Q89065813
3848,Raphael Melo,Q91687406
3860,Ana Guerreiro,Q92806265
3862,Joseph Zalewski,Q117035594
3867,Dalila Onorati,Q92345858
3868,Pierfrancesco Ulpiani,Q92345854
3869,Hussein Abdallah,Q61207021
3876,Chayan Sarkar,Q104155943
3878,Katerina Papantoniou,Q119092376
3889,Zixuan Peng,Q96047721
3890,Xuefeng Yang,Q90102983
3893,Periklis Andritsos,Q102165598
3902,Francesca Medda,Q58024380
3930,Fazel Keshtkar,Q102670614
3935,Aritra Mandal,Q89289679
3964,Jens Kattge,Q56556463
3966,Giuseppe Contissa,Q59751679
3968,Sangkeun Lee,Q86479428
3969,Rajesh Vasa,Q91138937
3974,Omer Rana,Q111909150
4012,Utkarshani Jaimini,Q56840073
4020,David Schellenberger Costa,Q47460717
4028,Aamod Khatiwada,Q115057854
4031,Anik Saha,Q87973074
4045,Wenjuan Han,Q61158962
4047,Benoît Goossens,Q30112583
4048,Pablo Orozco-terWengel,Q54800899
4056,Yu Hongshen,Q51101495
4082,Mahabir Bhandari,Q88635632
4098,Yousouf Taghzouti,Q124968629
4106,Yujia Zhang,Q115902342
4110,José M. Giménez-García,Q48428974
4128,Sean Hill,Q27981064
4146,Shenghui Wang,Q64822007
4147,Melinda R. Hodkiewicz,Q54368919
4150,Maqbool Hussain,Q86707359
4151,Alexander Perzylo,Q62065009
4154,Alban Gaignard,Q64505969
4162,Dirk K J Heylen,Q94542862
4165,Adina Magda Florea,Q104560213
4166,Dominik Tomaszuk,Q59698456
4171,Daniel Dobriy,Q112275832
4172,Samuel Kerrien,Q30158416
4173,Stefania Dumbrava,Q102899512
4175,Wajahat Ali Khan,Q88484602
4176,Zhiqiang Zhuang,Q62036786
4181,Henry Markram,Q2000022
4184,Julien Aimonier-Davat,Q113493449
4187,Jan Gilbert van den Bussche,Q102247532
4202,Guido Salvaneschi,Q124471776
4215,Jérôme Gensel,Q102435632
4240,Bart Buelens,Q99559656
4243,Nicolai Abildgaard,Q319854
4246,Yūya Yoshikawa,Q11413034
4258,René Krieg,Q102500134
4261,Davy Maes,Q112137007
4263,See-Kiong Ng,Q112510525
4269,Julián Andrés Rojas Meléndez,Q100396451
4283,Long Vu,Q98576810
4285,Anna-Kristin Kaufmann,Q88241518
4289,Jonathan Lurie,Q112486551
4290,Jayakrishnan Nair,Q102402062
4294,Huanxiang Lu,Q92994715
4296,Mohameth-François Sy,Q83530178
4318,Nikolay Yakovets,Q103295581
4326,Rocco Tripodi,Q89431277
4339,Carolien Rieffe,Q43647931
4389,Ankush Gupta,Q100996001
4395,Sebastian Kropatschek,Q124025643
4398,Alexandru Sorici,Q104560212
4442,Martin Thomas Horsch,Q59858372
4443,Vladimir Alexiev,Q48975668
4453,Ralf Krestel,Q109605448
4471,Daniele Toti,Q61092671
4478,Mathias De Brouwer,Q92419833
4484,Lorenzo Bruzzone,Q47104547
4489,Sirko Schindler,Q56758319
4491,Claudia Paris,Q56331308
4492,Michael Seaton,Q86223950
4512,Christoph H.-J. Braun,Q113636057
4516,Pascal Lafourcade,Q76281399
4521,Daniela Oliveira,Q58207300
4528,Jean-Michel Bruel,Q103180984
4533,Michael Baumann,Q59959645
4536,Alejandro González Hevia,Q113481991
4537,Lucian Popa,Q102263777
4545,Luca Rossetto,Q103260939
4627,Martin Škára,Q112553039
4635,Zahra Rezaie,Q101321715
4649,Balaji Ganesan,Q62763539
4672,Masaharu Yoshioka,Q11412844
4673,Takanori Nakagawa,Q108109504
4674,Felicitas Löffler,Q124293676
4677,René Lachmann,Q102388688
4678,Bahar Sateli,Q116989785
4696,Petr Strossa,Q112411161
4698,Sven Lieber,Q59469449
4701,Owen Xie,Q123407456
4702,Samuel A. Stouffer,Q2217894
4717,Jaehun Lee,Q61114428
4719,Jungho Park,Q102306462
4720,Yunsu Lee,Q88282099
4776,Nadja Ebert,Q99706594
4777,Mareike Roscher,Q114399750
4778,Ina Kurth,Q102231150
4832,Silvia Chiacchiera,Q60865838
4835,Georg Summer,Q112288793
4839,Esteban Bayro-Kaiser,Q91988242
4842,Karel Šindelka,Q89350747
4843,Martin Lísal,Q46005590
4845,Ignacio Pagonabarraga,Q51944537
4846,Mara Chiricotto,Q95985617
4847,Joshua D Elliott,Q64020403
4848,Paola Carbone,Q51099106
4853,Welchy Leite Cavalcanti,Q118383871
4855,Fabian Hoppe,Q114718679